<?xml version="1.0" encoding="UTF-8"?>
<!DOCTYPE suite SYSTEM "https://testng.org/testng-1.0.dtd">
<suite guice-stage="DEVELOPMENT" name="Failed suite [Suite]" parallel="classes">
  <test thread-count="5" name="Test(failed)" parallel="classes">
    <classes>
      <class name="testcase.EditLead">
        <methods>
          <include name="runEditLead"/>
        </methods>
      </class> <!-- testcase.EditLead -->
      <class name="testcase.DeleteLead">
        <methods>
          <include name="runDeleteLead"/>
        </methods>
      </class> <!-- testcase.DeleteLead -->
    </classes>
  </test> <!-- Test(failed) -->
</suite> <!-- Failed suite [Suite] -->
